id;name;building;street;postbox;zip;city
1;Fundamental Designer;Borders Intelligent whiteboard;Johnson Fields;white;Drives XSS interface;Roscoeview
2;bricks-and-clicks drive;Avon Syrian Arab Republic Borders;Barrows Path;target Auto Loan Account Personal Loan Account;systems zero tolerance Iowa;Herzogberg
3;Investment Account invoice;Customer-focused synthesize iterate;Murray Pines;redefine;Shirt SDD;South Delilah
4;AI;Home Loan Account Louisiana;Austen Prairie;withdrawal;Coordinator;Port Madison
5;matrices;Savings Account redefine Multi-channelled;Tillman Ford;initiatives;Jordan;New Rhoda
6;content;New Mexico;Denis Village;strategic;Kids array;Kacieport
7;calculating online Utah;Hawaii Botswana Computers;Casper Ways;Upgradable Small Metal Computer;Estate;Bogisichborough
8;Borders;Congolese Franc;Jayce Keys;UAE Dirham Automotive model;COM Fork Borders;West Manuela
9;Wooden Music;Metal;Reynolds Views;Chips blue feed;communities;Windlerville
10;Qatari Rial;Representative whiteboard Health;Rickey Forest;COM back up Frozen;East Caribbean Dollar Nepalese Rupee lavender;Reynabury
