id;classification_society_name;classification_society_name_abbr;sort_num
1;open-source Generic methodologies;XSS Investment Account Investor;98918
2;parse;Intuitive;94273
3;deposit Auto Loan Account Avon;Intelligent Cotton Bike;3673
4;Accounts;wireless Generic Frozen Bike EXE;92775
5;Designer Ball;Buckinghamshire Buckinghamshire;99633
6;Forward;Pre-emptive Reduced;53697
7;Personal Loan Account;SDD Trail;39116
8;bi-directional;HTTP Configuration;86212
9;virtual;Infrastructure bandwidth;28139
10;Implemented Computers;protocol Borders Tasty;22018
