id;correspondent_contact_name;telephone_office;telephone;e_mail;web_site
1;Creek;Shirt Metal;116-348-8456 x9161;Licensed Wooden Pants;e-business
2;Awesome;Kiribati;283.153.6300;Plaza Bulgarian Lev Cambridgeshire;Regional
3;Home;primary quantify Chips;539-426-7354;bypass Games Customer-focused;Bond Markets Units European Composite Unit (EURCO) connecting generate
4;Refined;back-end enhance;1-273-105-3820;Brazil;National
5;Ranch impactful;Berkshire Awesome;1-755-754-5132 x338;Home Loan Account Grass-roots;Director Personal Loan Account
6;Music;Pants;418-102-8108;Small Andorra infomediaries;Executive Regional Wisconsin
7;TCP parsing Networked;feed;975-554-2872 x19374;Buckinghamshire;Bouvet Island (Bouvetoya)
8;Auto Loan Account asymmetric Montana;Applications;1-550-334-1505;orange Trinidad and Tobago Dollar Gorgeous;UAE Dirham
9;Rubber Mall Investment Account;scalable Configuration calculating;419.799.2130 x97750;back-end synthesizing override;Bacon Mouse open-source
10;payment National;HDD;684.473.8463;index Borders;customized
